{
    "accuracy": 0.7101542416452442,
    "precision": 0.7609254498714653,
    "recall": 0.5876902713434812
}